app_id,app_name,review_id,language,timestamp_created,timestamp_updated,recommended,votes_helpful,votes_funny,weighted_vote_score,comment_count,steam_purchase,received_for_free,written_during_early_access,author.steamid,author.num_games_owned,author.num_reviews,author.playtime_forever,author.playtime_last_two_weeks,author.playtime_at_review,author.last_played
578080,PLAYERUNKNOWN'S BATTLEGROUNDS,46591541,thai,1542983498,1542983498,true,0,0,0.0,0,true,false,false,76561198167881402,50,2,33847.0,0.0,30574.0,1606581591.0
346110,ARK: Survival Evolved,84809328,english,1610828392,1610828392,true,0,0,0.0,0,true,false,false,76561199109633787,5,1,10768.0,3887.0,8686.0,1611171946.0
435150,Divinity: Original Sin 2,63302403,english,1581376037,1581376037,true,0,0,0.0,0,true,false,false,76561198097397405,85,3,2931.0,0.0,2154.0,1597383929.0
271590,Grand Theft Auto V,41408813,tchinese,1523411765,1523411765,false,2,0,0.5275590419769287,0,true,false,false,76561198371453779,57,2,12157.0,0.0,9162.0,1608648493.0
262060,Darkest Dungeon®,76069372,russian,1600264704,1604186622,true,0,0,0.0,0,true,false,false,76561198346072829,34,11,906.0,0.0,901.0,1601830829.0
242760,The Forest,41629284,english,1524417647,1524417647,true,1,0,0.523809552192688,0,false,false,true,76561198337666367,25,1,651.0,0.0,252.0,1529784980.0
578080,PLAYERUNKNOWN'S BATTLEGROUNDS,33941400,koreana,1501559242,1501559242,true,0,1,0.0,0,true,false,true,76561198286866363,18,2,44892.0,0.0,3612.0,1548948281.0
613100,House Flipper,56492934,english,1572881073,1572881073,true,0,1,0.0,0,true,false,false,76561198805068662,72,31,16871.0,0.0,13215.0,1606418483.0
264710,Subnautica,49132085,koreana,1550726643,1550726643,true,0,0,0.0,0,true,false,false,76561198013206561,23,3,5749.0,0.0,5576.0,1551551465.0
578080,PLAYERUNKNOWN'S BATTLEGROUNDS,35656231,schinese,1507802939,1507802939,false,6,0,0.5522855520248413,0,true,false,true,76561198248963872,46,15,5460.0,0.0,5383.0,1510145932.0
292030,The Witcher 3: Wild Hunt,63108467,turkish,1581086457,1581086457,true,0,0,0.0,0,true,false,false,76561198273251206,47,6,43.0,0.0,43.0,1577485116.0
40800,Super Meat Boy,75441002,french,1599243763,1599243763,true,0,0,0.0,0,true,false,false,76561198030557836,14,2,615.0,0.0,608.0,1599245602.0
578080,PLAYERUNKNOWN'S BATTLEGROUNDS,34129083,english,1502298584,1511439028,true,0,0,0.0,0,true,false,true,76561198014043005,529,18,3531.0,0.0,2914.0,1607628272.0
381210,Dead by Daylight,62533784,brazilian,1580158798,1580158798,true,0,0,0.0,0,false,false,false,76561198259164425,102,3,4677.0,0.0,191.0,1586977051.0
620,Portal 2,74346559,english,1597494767,1597494767,true,0,0,0.0,0,true,false,false,76561199015579828,15,2,471.0,0.0,234.0,1606331823.0
823130,Totally Accurate Battlegrounds,63383790,russian,1581508479,1581508479,true,0,0,0.0,0,true,false,false,76561198966947531,16,3,640.0,0.0,453.0,1610041082.0
205100,Dishonored,52716557,english,1561952709,1561952709,true,0,0,0.0,0,true,false,false,76561198087883079,53,4,4003.0,0.0,3935.0,1565565727.0
518790,theHunter: Call of the Wild™,78739401,english,1604540943,1604540943,true,1,0,0.523809552192688,0,true,false,false,76561197961588001,65,21,1629.0,0.0,858.0,1608519545.0
578080,PLAYERUNKNOWN'S BATTLEGROUNDS,57753429,tchinese,1574584535,1574584535,true,0,0,0.0,0,true,false,false,76561198826122878,1,2,72029.0,0.0,35281.0,1609484372.0
346110,ARK: Survival Evolved,25930065,spanish,1475947787,1475947787,true,0,0,0.0,0,true,false,true,76561198166428053,32,1,64314.0,0.0,30695.0,1485201457.0
4000,Garry's Mod,74108692,french,1597105070,1597105070,true,0,0,0.0,0,true,false,false,76561198330703404,46,1,22915.0,0.0,22713.0,1597294238.0
535930,Two Point Hospital,73778427,english,1596582474,1596582474,true,0,0,0.0,0,false,false,false,76561197999086592,997,12,8967.0,0.0,8964.0,1598821477.0
489830,The Elder Scrolls V: Skyrim Special Edition,63284732,turkish,1581346245,1581346245,true,0,0,0.0,0,true,false,false,76561198804499481,23,5,17985.0,0.0,659.0,1610001769.0
381210,Dead by Daylight,32405643,japanese,1497427243,1497427243,true,1,0,0.44826409220695496,0,true,false,false,76561198274344530,9,1,351.0,0.0,351.0,1497434699.0
381210,Dead by Daylight,84065310,turkish,1609849485,1609849485,true,0,0,0.0,0,true,false,false,76561198315012037,122,10,4925.0,481.0,4835.0,1610754083.0
356190,Middle-earth™: Shadow of War™,35768937,schinese,1508147507,1508147507,true,0,0,0.0,0,true,false,false,76561198255104543,71,4,5331.0,0.0,1218.0,1606451415.0
377160,Fallout 4,21936015,english,1458438983,1458438983,true,0,0,0.0,0,false,false,false,76561198058426542,78,5,23503.0,0.0,16605.0,1540848180.0
105600,Terraria,27453060,russian,1480080638,1480080638,true,0,0,0.0,0,false,false,false,76561198150998256,110,8,1703.0,0.0,1304.0,1488881695.0
271590,Grand Theft Auto V,38529628,schinese,1513945268,1514807535,false,3,2,0.5360701084136963,0,true,false,false,76561198352616885,218,81,14271.0,0.0,6811.0,1583038423.0
359550,Tom Clancy's Rainbow Six Siege,45355524,english,1540036400,1575301646,true,2,0,0.5305832028388977,0,false,false,false,76561198319835205,46,9,210279.0,2223.0,56070.0,1610726207.0
440900,Conan Exiles,61791752,english,1578915852,1578915852,true,0,0,0.0,0,false,false,false,76561198103592334,69,10,9040.0,37.0,1081.0,1611280621.0
420,Half-Life 2: Episode Two,23382164,english,1465054750,1465054750,true,0,1,0.0,0,false,false,false,76561198051821852,136,23,747.0,0.0,475.0,1524183764.0
578080,PLAYERUNKNOWN'S BATTLEGROUNDS,60903773,hungarian,1577703385,1577703385,false,1,1,0.523809552192688,0,false,false,false,76561198855685255,30,1,18279.0,6.0,14900.0,1610145864.0
578080,PLAYERUNKNOWN'S BATTLEGROUNDS,35451792,schinese,1507049835,1507049835,true,0,0,0.0,0,true,false,true,76561198179893846,10,3,123313.0,611.0,8325.0,1611132494.0
105600,Terraria,52120283,russian,1561832673,1561832673,true,1,0,0.4914636313915252,0,true,false,false,76561198163821526,24,7,5891.0,0.0,4222.0,1592435023.0
359550,Tom Clancy's Rainbow Six Siege,25624570,polish,1474486432,1474486432,true,0,0,0.0,0,false,false,false,76561198253197259,24,1,706.0,0.0,696.0,1473363005.0
55230,Saints Row: The Third,49422633,russian,1552015816,1560254471,true,0,0,0.0,0,false,false,false,76561198271812793,175,43,2736.0,0.0,635.0,1597751699.0
240,Counter-Strike: Source,39336410,turkish,1515931500,1515931500,true,0,0,0.0,0,true,false,false,76561198444848586,5,1,1589.0,0.0,1414.0,1541338167.0
578080,PLAYERUNKNOWN'S BATTLEGROUNDS,77276639,schinese,1602241913,1602241913,false,0,0,0.0,0,true,false,false,76561198802482498,2,1,37430.0,0.0,37430.0,1602239710.0
213670,South Park™: The Stick of Truth™,26949905,brazilian,1479944933,1511386661,true,0,0,0.0,0,false,false,false,76561198145580198,244,2,137.0,0.0,137.0,1479944785.0
304390,For Honor,29955433,english,1487220983,1513224730,false,1,0,0.0,0,true,false,false,76561198047609043,599,119,1519.0,0.0,1486.0,1556132730.0
413150,Stardew Valley,29534021,english,1485579242,1485579242,true,4,0,0.5780643820762634,0,true,false,false,76561197970607272,284,29,4272.0,0.0,4272.0,1485647017.0
240,Counter-Strike: Source,38632944,turkish,1514142206,1514142206,true,1,0,0.5098039507865906,0,true,false,false,76561198408846475,19,7,1372.0,0.0,404.0,1589560550.0
374320,DARK SOULS™ III,35007265,czech,1505596079,1511429677,true,2,0,0.52173912525177,0,false,false,false,76561198104578822,85,20,54991.0,0.0,25648.0,1609792997.0
227300,Euro Truck Simulator 2,70305737,turkish,1591308841,1591308841,true,0,0,0.0,0,true,false,false,76561199033850014,5,1,4255.0,1.0,286.0,1610191838.0
264710,Subnautica,19305651,english,1448621648,1448621648,true,1,0,0.4669496715068817,0,true,false,true,76561198062937936,136,4,2167.0,0.0,1149.0,1546766927.0
252490,Rust,30816315,english,1490803682,1490803682,true,0,0,0.0,0,true,false,true,76561198038879982,329,64,143.0,0.0,106.0,1607047278.0
582010,Monster Hunter: World,53956365,tchinese,1562570661,1562570661,false,1,0,0.523809552192688,0,true,false,false,76561198158887320,22,2,41585.0,0.0,10744.0,1603344357.0
292030,The Witcher 3: Wild Hunt,70382063,swedish,1591441579,1591441579,true,0,0,0.0,0,true,false,false,76561198095865483,153,2,12418.0,0.0,11373.0,1597833687.0
294100,RimWorld,72361209,schinese,1594297031,1594297031,true,0,0,0.0,0,false,false,false,76561198288585170,430,32,5999.0,0.0,3238.0,1609010171.0
105600,Terraria,54960632,schinese,1567599535,1567599535,true,0,0,0.0,0,false,false,false,76561198872300168,7,4,2920.0,44.0,117.0,1610973904.0
255710,Cities: Skylines,57355602,english,1573990918,1573990918,true,0,0,0.0,0,false,false,false,76561198315447174,36,7,6854.0,0.0,6720.0,1596653934.0
359550,Tom Clancy's Rainbow Six Siege,51188920,english,1560343798,1560343798,false,0,0,0.4545454680919647,0,true,false,false,76561198961204312,4,1,3436.0,0.0,440.0,1607791684.0
823130,Totally Accurate Battlegrounds,80412116,english,1606416024,1606416024,true,0,0,0.0,0,true,false,false,76561198880654753,34,3,537.0,0.0,222.0,1606789805.0
578080,PLAYERUNKNOWN'S BATTLEGROUNDS,35659843,schinese,1507817506,1507817506,false,0,0,0.0,0,true,false,true,76561198391568145,2,1,45211.0,0.0,13749.0,1600431198.0
381210,Dead by Daylight,45738995,polish,1541850188,1541850188,true,0,0,0.0,0,true,false,false,76561198279173280,20,8,10572.0,0.0,7418.0,1592067792.0
252490,Rust,84897288,english,1610956546,1610956546,true,0,0,0.0,0,true,false,false,76561198798352088,21,1,18164.0,4586.0,18010.0,1611020699.0
219740,Don't Starve,23458469,english,1465420498,1465420498,true,2,0,0.5262704491615297,0,true,true,false,76561198080278695,60,1,2733.0,0.0,2479.0,1485306325.0
304390,For Honor,30078564,english,1487683090,1494948383,false,0,0,0.4975124299526215,0,false,false,false,76561198202493104,58,8,15501.0,0.0,10521.0,1534587429.0
271590,Grand Theft Auto V,30679902,russian,1490243911,1490243911,true,4,0,0.5458070635795593,3,true,false,false,76561198154337664,278,8,19723.0,337.0,1172.0,1610382191.0
646910,The Crew 2,78677314,russian,1604440277,1606325655,false,148,20,0.7643983960151672,20,true,false,false,76561198255702033,125,8,3860.0,0.0,3820.0,1604500773.0
367520,Hollow Knight,65409358,english,1584722336,1584722336,true,0,0,0.0,0,true,false,false,76561198208920319,52,4,3694.0,0.0,3499.0,1584916604.0
227300,Euro Truck Simulator 2,33077457,turkish,1498904707,1498904707,true,1,0,0.0,0,true,false,false,76561198392169032,22,6,332.0,0.0,82.0,1587396684.0
252950,Rocket League,76526150,brazilian,1601026875,1601026956,false,0,0,0.0,0,true,false,false,76561198155863829,63,1,8623.0,536.0,7987.0,1610938338.0
460930,Tom Clancy's Ghost Recon® Wildlands,43636500,schinese,1532062071,1535298914,false,0,0,0.0,0,true,false,false,76561198345503558,33,2,10717.0,0.0,6100.0,1547307544.0
739630,Phasmophobia,81312926,english,1606790854,1606790854,true,0,0,0.0,0,true,false,true,76561198308484557,92,6,1017.0,77.0,371.0,1610460165.0
1145360,Hades,79958531,english,1606338574,1606338574,true,0,0,0.0,0,true,false,false,76561197963498197,172,3,1709.0,0.0,1708.0,1606338612.0
367520,Hollow Knight,49913903,french,1554224282,1554224282,true,0,0,0.0,0,true,false,false,76561198297306681,47,3,7825.0,0.0,2640.0,1603407811.0
477160,Human: Fall Flat,64134394,schinese,1582701171,1582701171,true,0,0,0.0,0,true,false,false,76561199027908882,10,2,3369.0,147.0,1154.0,1610524379.0
413150,Stardew Valley,21910659,english,1458336571,1458336571,true,0,0,0.0,0,true,false,false,76561198138716316,153,1,2538.0,1046.0,1091.0,1611274412.0
578080,PLAYERUNKNOWN'S BATTLEGROUNDS,53339152,schinese,1562154281,1562154281,false,0,0,0.0,0,false,false,false,76561198814409390,3,1,66297.0,0.0,66265.0,1608613951.0
271590,Grand Theft Auto V,71786949,english,1593587283,1593587283,true,0,0,0.0,0,false,false,false,76561198305822878,19,7,3042.0,0.0,3037.0,1607006184.0
477160,Human: Fall Flat,62618701,schinese,1580296824,1580296824,true,1,0,0.523809552192688,0,true,false,false,76561198368072560,7,1,1626.0,0.0,957.0,1594736987.0
322330,Don't Starve Together,59365439,russian,1575660047,1575660047,true,1,2,0.5135135054588317,0,false,true,false,76561198016426182,275,107,630.0,0.0,206.0,1602361659.0
582660,Black Desert Online,33566810,english,1500146597,1500146597,true,1,1,0.523809552192688,0,true,false,false,76561198132300995,47,6,1731.0,0.0,301.0,1588603443.0
578080,PLAYERUNKNOWN'S BATTLEGROUNDS,43980393,english,1533638601,1533638601,false,5,0,0.5177743434906006,0,true,false,false,76561197968888660,36,1,22301.0,0.0,17760.0,1578843056.0
356190,Middle-earth™: Shadow of War™,54837055,schinese,1566903220,1566903220,false,1,2,0.4571605324745178,0,true,false,false,76561198374990895,78,17,649.0,0.0,649.0,1566882685.0
578080,PLAYERUNKNOWN'S BATTLEGROUNDS,40320338,english,1519368027,1519368027,false,4,1,0.5067736506462097,0,true,false,false,76561198139672362,80,13,28376.0,0.0,27285.0,1569697212.0
233860,Kenshi,60198308,english,1576877599,1576877599,true,1,0,0.523809552192688,2,true,false,false,76561198312855945,70,5,12963.0,0.0,1575.0,1609489777.0
489830,The Elder Scrolls V: Skyrim Special Edition,59298814,german,1575573509,1575573509,true,0,0,0.0,0,true,false,false,76561198980205138,16,4,955.0,0.0,290.0,1606388780.0
374320,DARK SOULS™ III,37370630,schinese,1511541334,1511541334,true,0,0,0.0,0,true,false,false,76561198371854005,110,1,7099.0,0.0,2581.0,1519570436.0
262060,Darkest Dungeon®,36521333,english,1510703248,1544353507,true,0,0,0.4724409580230713,0,true,false,false,76561198058331986,856,21,3558.0,0.0,2688.0,1584748606.0
945360,Among Us,77068304,schinese,1601888390,1601888390,true,1,0,0.525547444820404,0,true,false,false,76561198862901727,53,3,421.0,0.0,268.0,1602734285.0
427520,Factorio,40453708,english,1519794020,1519794020,true,0,0,0.0,0,false,false,true,76561198310262384,42,4,5136.0,0.0,534.0,1600316290.0
242760,The Forest,83716612,spanish,1609494817,1609494817,true,0,0,0.0,0,true,false,false,76561198453323058,6,1,2440.0,50.0,2277.0,1609628156.0
945360,Among Us,77949996,english,1603335642,1603335642,true,1,0,0.523809552192688,0,true,false,false,76561199005055035,6,1,2158.0,0.0,1905.0,1609574538.0
397540,Borderlands 3,65199320,schinese,1584440655,1584440655,true,0,0,0.0,0,true,false,false,76561198211010539,62,7,9046.0,0.0,659.0,1609516622.0
262060,Darkest Dungeon®,14594419,english,1424613014,1424613014,true,2,0,0.523809552192688,0,true,false,true,76561198037782475,78,1,996.0,0.0,326.0,1424890260.0
213670,South Park™: The Stick of Truth™,17711979,english,1440522988,1440522988,true,0,0,0.4653868675231933,0,true,false,false,76561198043474079,299,5,1279.0,0.0,1187.0,1436109517.0
4000,Garry's Mod,70987312,english,1592497734,1592497734,true,1,1,0.0,1,true,false,false,76561199041786864,8,3,3683.0,0.0,3012.0,1603572848.0
35140,Batman: Arkham Asylum GOTY Edition,34731563,schinese,1504520192,1504520192,true,0,0,0.0,0,true,false,false,76561198285042075,89,26,1287.0,0.0,1285.0,1504431427.0
219150,Hotline Miami,22541158,english,1461191014,1461191014,true,0,0,0.0,0,false,false,false,76561197968421334,130,6,409.0,0.0,356.0,1555522836.0
1289310,Helltaker,72237760,schinese,1594136513,1594136513,true,0,0,0.0,0,false,false,false,76561198988819290,34,3,61.0,0.0,61.0,1593590389.0
413150,Stardew Valley,52270601,english,1561860039,1561860039,true,0,0,0.0,0,true,false,false,76561198023675002,893,5,5332.0,0.0,5271.0,1597756316.0
503940,Railway Empire,39757689,german,1517441792,1517441792,true,2,0,0.5076923370361328,0,true,false,false,76561198025537703,41,1,3187.0,0.0,1394.0,1578011070.0
271590,Grand Theft Auto V,70295874,english,1591293912,1591293912,true,0,0,0.0,0,true,false,false,76561198237776842,40,1,23032.0,0.0,18114.0,1606882146.0
247730,Nether,14841702,german,1426102531,1426102531,false,0,0,0.0,0,true,false,false,76561198064190387,60,2,503.0,0.0,218.0,1560092516.0
292030,The Witcher 3: Wild Hunt,47980237,schinese,1546243907,1546243907,true,0,0,0.0,0,true,false,false,76561198841734035,9,1,8826.0,0.0,1815.0,1593670118.0
578080,PLAYERUNKNOWN'S BATTLEGROUNDS,38617745,english,1514114168,1514114168,false,0,0,0.0,0,true,false,false,76561198418012323,2,1,11929.0,0.0,9840.0,1525150209.0
252950,Rocket League,17080999,english,1437075317,1603984938,false,0,0,0.0,0,true,false,false,76561198067235446,148,3,33312.0,532.0,1325.0,1610918243.0
578080,PLAYERUNKNOWN'S BATTLEGROUNDS,34044807,brazilian,1501961251,1501961251,true,0,0,0.0,0,true,false,true,76561198015338420,44,1,10915.0,0.0,2751.0,1575739260.0
271590,Grand Theft Auto V,15488016,schinese,1429692254,1429692254,true,0,0,0.0,0,true,false,false,76561198027948494,74,3,9864.0,0.0,4123.0,1515909711.0
203160,Tomb Raider,65904449,schinese,1585280346,1585280346,true,0,0,0.0,0,false,false,false,76561198895150690,35,7,985.0,0.0,847.0,1585908187.0
578080,PLAYERUNKNOWN'S BATTLEGROUNDS,60916039,schinese,1577716546,1577716546,true,0,0,0.0,0,true,false,false,76561199014918333,2,1,6837.0,778.0,392.0,1611070266.0
489830,The Elder Scrolls V: Skyrim Special Edition,74384677,schinese,1597553475,1597553475,true,0,0,0.0,0,false,false,false,76561198877674610,69,8,3445.0,0.0,1544.0,1609932883.0
530070,Train Sim World® 2020,65042992,russian,1584212261,1584212261,true,0,0,0.0,0,true,false,false,76561198078258027,51,4,1887.0,0.0,194.0,1602968594.0
945360,Among Us,80100114,english,1606361773,1606361773,true,0,0,0.0,0,true,false,false,76561198066026675,129,13,5142.0,126.0,4807.0,1610689901.0
275850,No Man's Sky,54816170,english,1566840712,1566840712,false,1,2,0.3442581892013549,0,true,false,false,76561198188530138,35,5,107.0,0.0,107.0,1566769565.0
323190,Frostpunk,41731918,schinese,1524907029,1524907029,false,10,4,0.6033203601837158,0,true,false,false,76561198105939168,45,6,1020.0,0.0,992.0,1526737818.0
227300,Euro Truck Simulator 2,47110761,turkish,1543305700,1543305743,true,0,1,0.0,0,false,false,false,76561198256666045,25,4,16720.0,0.0,12866.0,1608932684.0
271590,Grand Theft Auto V,78944782,english,1604845400,1604845400,true,0,0,0.0,0,true,false,false,76561198868579232,13,8,2205.0,0.0,534.0,1608480249.0
262060,Darkest Dungeon®,29419106,english,1485083202,1485083202,true,0,0,0.0,0,false,false,false,76561198119041727,192,9,2649.0,0.0,959.0,1550350107.0
239140,Dying Light,36405389,english,1510262049,1565909230,true,0,0,0.4761904776096344,0,true,false,false,76561198118788516,118,29,5740.0,0.0,3310.0,1607149570.0
271590,Grand Theft Auto V,58970864,english,1575248039,1575248039,true,0,0,0.0,0,true,false,false,76561198038502398,258,2,13863.0,0.0,1054.0,1577046779.0
397540,Borderlands 3,74596241,koreana,1597897752,1597897752,true,3,0,0.5652173757553101,0,true,false,false,76561198004962816,108,18,2437.0,0.0,2437.0,1597896502.0
55230,Saints Row: The Third,32630753,turkish,1498090746,1498090746,true,1,0,0.523809552192688,0,true,false,false,76561198096116789,43,9,3084.0,535.0,2393.0,1610721285.0
646570,Slay the Spire,57929426,spanish,1574796922,1574796922,true,0,0,0.0,0,false,false,false,76561197975913050,1658,8,2793.0,0.0,2575.0,1586983965.0
294100,RimWorld,42340832,german,1527521769,1527521769,true,1,3,0.5155402421951293,0,true,false,true,76561198137997692,89,9,31707.0,0.0,16655.0,1582069947.0
359550,Tom Clancy's Rainbow Six Siege,71395001,english,1593173161,1593173161,true,0,0,0.4761904776096344,0,true,false,false,76561198052058844,469,18,9978.0,11.0,2240.0,1610221722.0
271590,Grand Theft Auto V,30071355,schinese,1487647971,1487647971,true,0,0,0.0,0,true,true,false,76561198212855881,14,1,4346.0,0.0,671.0,1542600261.0
413150,Stardew Valley,81731295,polish,1607268545,1607268545,true,0,0,0.0,0,false,false,false,76561198133802875,36,1,3534.0,0.0,3534.0,1604763846.0
48700,Mount & Blade: Warband,24611041,turkish,1469869223,1512490162,true,0,0,0.0,0,true,false,false,76561198200742657,36,3,47546.0,0.0,12599.0,1608815900.0
268910,Cuphead,76532044,english,1601036942,1601036942,true,0,0,0.0,0,true,false,false,76561198819355412,33,1,470.0,0.0,319.0,1605729729.0
814380,Sekiro™: Shadows Die Twice,68958536,russian,1589207022,1589207022,true,0,0,0.0,0,true,false,false,76561198139816946,287,26,7147.0,0.0,5097.0,1590008429.0
1180380,Stay Out,76348915,russian,1600720355,1600720355,true,0,0,0.4744046330451965,1,false,false,true,76561198233181920,60,10,17569.0,0.0,776.0,1605540401.0
583950,Artifact,47186960,english,1543499129,1545398876,true,0,0,0.0,0,true,false,false,76561198009018002,208,2,4082.0,0.0,4060.0,1546122484.0
4000,Garry's Mod,67232635,english,1586787962,1586787962,true,0,0,0.0,0,true,false,false,76561198274853511,26,4,4432.0,0.0,4164.0,1592486719.0
863550,HITMAN™ 2,45956481,turkish,1542826577,1542826577,true,0,1,0.0,0,false,false,false,76561198013125322,1398,14,458.0,0.0,436.0,1552801968.0
252490,Rust,40034892,english,1518482192,1518482192,false,2,0,0.523809552192688,0,false,false,false,76561198043599595,145,5,131248.0,1.0,84522.0,1610683196.0
431960,Wallpaper Engine,32006270,english,1495921408,1495921431,true,5,0,0.5222633481025696,0,true,false,true,76561198246598468,33,10,31.0,0.0,15.0,1496234234.0
341800,Keep Talking and Nobody Explodes,28003411,english,1480374894,1480374894,true,0,0,0.0,0,true,false,false,76561198037012427,2163,6,558.0,0.0,355.0,1557691846.0
304390,For Honor,56191393,french,1572638306,1572638306,true,0,0,0.0,0,true,false,false,76561198205691143,27,9,24248.0,0.0,8217.0,1609088563.0
397540,Borderlands 3,84024571,english,1609799077,1609799077,false,2,0,0.5253164172172545,0,false,false,false,76561197980050573,445,5,425.0,33.0,425.0,1609798983.0
252490,Rust,71898766,english,1593716679,1593716679,true,0,0,0.0,0,true,false,false,76561199070102691,5,2,48047.0,1160.0,858.0,1610814596.0
582010,Monster Hunter: World,44105356,english,1534109952,1534109992,false,0,1,0.43899658322334284,0,true,false,false,76561198055562118,53,6,20626.0,0.0,7304.0,1583863326.0
582010,Monster Hunter: World,56017582,english,1572534281,1572534281,true,0,0,0.0,0,false,false,false,76561198240946568,10,1,24355.0,0.0,9802.0,1604136713.0
289070,Sid Meier's Civilization VI,70135383,tchinese,1591000468,1591000468,true,0,0,0.0,0,true,false,false,76561198157281513,11,1,1032.0,0.0,744.0,1604367507.0
552520,Far Cry 5,72787995,english,1594907997,1594907997,true,0,0,0.0,0,true,false,false,76561198037195079,67,4,1039.0,0.0,292.0,1595527232.0
620,Portal 2,32854834,english,1498569700,1498569700,true,2,0,0.529411792755127,0,true,false,false,76561198162609556,20,3,256.0,0.0,193.0,1499714668.0
648800,Raft,83324465,czech,1609098655,1609098655,true,0,0,0.0,0,true,false,true,76561199089598921,9,1,966.0,59.0,253.0,1610225227.0
72850,The Elder Scrolls V: Skyrim,17192516,english,1437679300,1437679300,true,0,0,0.0,0,true,false,false,76561198061720644,14,2,4117.0,0.0,1928.0,1475942724.0
588650,Dead Cells,49109741,english,1550616657,1550616729,true,0,0,0.0,0,true,false,false,76561198038369283,73,4,5499.0,0.0,4718.0,1588634446.0
578080,PLAYERUNKNOWN'S BATTLEGROUNDS,39199077,english,1515471899,1515471899,false,1,0,0.5075757503509521,0,true,false,false,76561198048666897,65,1,13018.0,0.0,12420.0,1518669010.0
391540,Undertale,22781495,english,1462297752,1462297752,true,1,0,0.5251396894454956,0,true,false,false,76561198288834161,9,1,3135.0,0.0,2860.0,1466215537.0
636480,Ravenfield,52911124,english,1561997955,1561997955,true,0,0,0.0,0,true,false,true,76561198848008201,23,11,3320.0,350.0,582.0,1611039472.0
238320,Outlast,19468014,english,1449187560,1449187560,false,2,2,0.40962773561477667,1,true,false,false,76561198058181622,122,9,314.0,0.0,145.0,1537232066.0
637650,FINAL FANTASY XV WINDOWS EDITION,40627273,japanese,1520419176,1520419311,false,41,2,0.6376439332962036,0,false,false,false,76561198375624987,362,23,607.0,0.0,427.0,1605014579.0
578080,PLAYERUNKNOWN'S BATTLEGROUNDS,60862010,german,1577651157,1577651157,true,0,0,0.0,0,true,false,false,76561197982751982,27,1,2053.0,0.0,1900.0,1581103109.0
875210,三国群英传8 Heroes of the Three Kingdoms 8,84738909,schinese,1610731386,1610731386,false,1,0,0.0,0,true,false,false,76561198988119116,18,1,673.0,673.0,673.0,1610730920.0
359550,Tom Clancy's Rainbow Six Siege,33476089,turkish,1499854391,1499854391,true,2,0,0.5274725556373596,1,true,false,false,76561198052125605,116,2,85704.0,1041.0,1441.0,1610796655.0
346110,ARK: Survival Evolved,23153417,schinese,1463999086,1463999086,false,286,12,0.8871429562568665,1,true,false,true,76561198296876398,8,1,33891.0,0.0,1030.0,1488897822.0
578080,PLAYERUNKNOWN'S BATTLEGROUNDS,36631260,schinese,1511119730,1511119730,true,0,0,0.0,0,true,false,true,76561198376584973,3,1,46948.0,0.0,8656.0,1572304636.0
252950,Rocket League,41771144,turkish,1525080997,1525080997,true,0,0,0.0,0,false,false,false,76561198174279311,114,12,116.0,0.0,77.0,1530377721.0
271590,Grand Theft Auto V,84070331,english,1609854360,1609854360,true,0,0,0.0,0,true,false,false,76561198253354903,57,3,6057.0,110.0,5947.0,1610730368.0
242920,Banished,18738379,english,1446098571,1446098571,true,0,0,0.4623287916183472,0,true,false,false,76561198021129808,87,8,3729.0,0.0,3367.0,1481025229.0
242760,The Forest,72185367,spanish,1594066623,1594066623,false,0,0,0.4000000059604645,0,true,false,false,76561198809217562,6,3,60.0,0.0,60.0,1593902644.0
242760,The Forest,56571280,turkish,1572972943,1572972943,true,0,0,0.0,0,true,true,false,76561198850355962,75,40,3448.0,0.0,1149.0,1604773588.0
8870,BioShock Infinite,27489005,english,1480090574,1480090725,true,0,0,0.0,0,true,false,false,76561198043926167,496,3,3540.0,0.0,3275.0,1585756337.0
578080,PLAYERUNKNOWN'S BATTLEGROUNDS,57276868,schinese,1573901162,1573901162,true,0,0,0.0,0,false,false,false,76561198998857692,1,1,54413.0,443.0,6281.0,1611144168.0
252490,Rust,57293042,english,1573916842,1573916842,true,0,0,0.0,0,false,false,false,76561198070131612,271,6,18948.0,0.0,14218.0,1604799570.0
312530,Duck Game,69801625,english,1590439686,1590439686,true,0,0,0.0,0,true,false,false,76561198349819165,6,2,3751.0,0.0,3401.0,1609546833.0
578080,PLAYERUNKNOWN'S BATTLEGROUNDS,43546071,koreana,1531662196,1545295342,false,0,0,0.0,0,true,false,false,76561198833951777,7,1,17109.0,0.0,13783.0,1587712248.0
204360,Castle Crashers,57159568,schinese,1573739051,1573739051,true,0,0,0.0,0,false,false,false,76561198934484148,61,3,462.0,0.0,247.0,1588867734.0
252490,Rust,46464022,english,1542923592,1542923592,true,0,0,0.0,0,true,false,false,76561198035633308,237,9,27257.0,0.0,26333.0,1562260680.0
594650,Hunt: Showdown,40372589,english,1519518046,1519518046,false,4,2,0.44142946600913996,0,true,false,true,76561198204221375,29,2,13746.0,0.0,1023.0,1609625710.0
252490,Rust,63954081,brazilian,1582404740,1582404740,true,0,0,0.0,0,true,true,false,76561198978536979,3,1,73738.0,0.0,44577.0,1591576989.0
589360,Ni no Kuni™ II: Revenant Kingdom,70735720,turkish,1592074324,1592074324,true,0,0,0.0,0,true,false,false,76561198107373985,96,2,464.0,0.0,464.0,1592074251.0
476600,Call of Duty: WWII,61166195,english,1577997586,1577997586,true,0,0,0.0,0,false,false,false,76561198332392552,14,8,1100.0,0.0,653.0,1578361946.0
105600,Terraria,75511958,english,1599348964,1599348964,true,0,0,0.0,0,true,false,false,76561198330412445,14,1,7923.0,0.0,7150.0,1608445906.0
292030,The Witcher 3: Wild Hunt,62445081,schinese,1580040732,1580040732,true,0,0,0.0,0,true,false,false,76561198799402580,4,3,360.0,0.0,206.0,1580049555.0
240,Counter-Strike: Source,16676888,koreana,1435158152,1435158152,true,0,0,0.0,0,false,false,false,76561198026569717,190,4,164.0,0.0,164.0,1407878719.0
413420,Danganronpa 2: Goodbye Despair,59602314,schinese,1575976467,1575976467,true,0,0,0.0,0,true,false,false,76561198090154084,61,10,1685.0,0.0,1685.0,1575976285.0
225540,Just Cause 3,21727784,english,1457528742,1457528742,true,2,0,0.5171961784362793,0,true,false,false,76561198084611176,234,28,3022.0,0.0,2152.0,1587854374.0
945360,Among Us,76382073,russian,1600787001,1600787001,true,0,0,0.0,0,true,false,false,76561199053914155,2,2,861.0,0.0,247.0,1603351092.0
739630,Phasmophobia,80049160,english,1606351372,1606351372,true,0,0,0.0,0,false,false,true,76561198045487131,172,20,489.0,0.0,489.0,1605935145.0
460930,Tom Clancy's Ghost Recon® Wildlands,30527241,english,1489593812,1489593812,false,1,0,0.4761904776096344,1,true,false,false,76561198137753591,96,6,1341.0,0.0,615.0,1594848858.0
359550,Tom Clancy's Rainbow Six Siege,58081846,koreana,1574833453,1574833453,true,0,0,0.0,0,true,false,false,76561198119936742,41,4,1386.0,0.0,324.0,1578639509.0
1145360,Hades,62885944,english,1580685006,1580685006,false,0,0,0.3832752406597138,0,true,false,true,76561198079392854,43,4,560.0,0.0,496.0,1590816159.0
578080,PLAYERUNKNOWN'S BATTLEGROUNDS,32233793,english,1496817922,1496817922,true,1,0,0.40541806817054743,0,true,false,true,76561198011204091,383,194,2634.0,0.0,974.0,1563667088.0
391540,Undertale,18427408,english,1444567703,1444567703,true,0,0,0.0,0,true,false,false,76561198011371695,85,5,949.0,0.0,949.0,1444412097.0
252950,Rocket League,80245106,turkish,1606388230,1606388230,true,0,0,0.0,0,true,false,false,76561198160586467,114,4,56847.0,867.0,50680.0,1610993817.0
268500,XCOM 2,65476989,english,1584800411,1584800411,true,0,0,0.0,0,false,false,false,76561198263525438,153,3,4475.0,0.0,4451.0,1585262509.0
275850,No Man's Sky,72478776,english,1594443618,1594443618,true,0,0,0.0,0,true,false,false,76561198004919296,139,2,4559.0,0.0,1166.0,1601148408.0
4000,Garry's Mod,21652854,french,1457218872,1602451388,true,0,0,0.0,0,true,false,false,76561198158461293,104,17,31676.0,0.0,337.0,1603667569.0
359550,Tom Clancy's Rainbow Six Siege,44298660,english,1534876995,1534876995,true,2,0,0.526938259601593,0,false,false,false,76561198122322727,138,5,25779.0,0.0,22363.0,1603137780.0
72850,The Elder Scrolls V: Skyrim,73637329,english,1596340883,1596340883,true,0,0,0.0,0,false,false,false,76561197992909042,214,8,9052.0,0.0,8849.0,1596358414.0
322330,Don't Starve Together,69512730,brazilian,1590019337,1590019337,true,0,0,0.0,0,false,false,false,76561198285639976,27,4,244.0,0.0,142.0,1592871144.0
292030,The Witcher 3: Wild Hunt,46724789,russian,1543044501,1543044501,true,0,1,0.0,0,true,false,false,76561198125172039,32,4,49759.0,0.0,29963.0,1597225952.0
219740,Don't Starve,27752932,french,1480206307,1480206307,true,0,0,0.0,0,true,false,false,76561197996117684,195,1,1413.0,0.0,1412.0,1494054944.0
945360,Among Us,78582010,russian,1604312852,1604312852,true,0,0,0.0,0,true,false,false,76561199086908055,21,1,1817.0,0.0,1525.0,1609268299.0
578080,PLAYERUNKNOWN'S BATTLEGROUNDS,31972076,english,1495801431,1495801431,true,1,1,0.5022624731063843,0,false,false,true,76561198087338116,69,1,67042.0,0.0,7488.0,1608771616.0
739630,Phasmophobia,80906756,schinese,1606585708,1606585708,true,0,0,0.0,0,true,false,true,76561199024949978,11,1,6976.0,718.0,4001.0,1610890366.0
105600,Terraria,1782301,russian,1317466830,1317466830,true,0,0,0.0,0,true,false,false,76561197997911882,184,64,40419.0,5811.0,15833.0,1611208864.0
760060,Mutant Year Zero: Road to Eden,49887349,spanish,1554093107,1554093107,true,0,0,0.0,0,false,false,false,76561198265658620,128,3,566.0,0.0,64.0,1596087153.0
648800,Raft,69346254,english,1589776499,1589776499,true,0,0,0.0,0,true,false,true,76561198064186020,143,16,5360.0,428.0,3109.0,1610669613.0
1057090,Ori and the Will of the Wisps,84149347,schinese,1609940898,1609940898,true,0,0,0.0,0,true,false,false,76561199125665292,2,1,1358.0,1358.0,707.0,1610027489.0
221380,Age of Empires II (2013),27326608,polish,1480023840,1480023840,true,0,0,0.0,1,false,false,false,76561198110543304,436,3,5442.0,125.0,2563.0,1610617960.0
620980,Beat Saber,78329128,english,1603962738,1603962738,true,0,0,0.0,0,true,false,false,76561199074815291,19,6,1341.0,23.0,766.0,1609662733.0
252490,Rust,11305451,english,1405700404,1579694431,false,0,0,0.0,0,true,false,false,76561198039325675,278,52,2836.0,0.0,2836.0,1518344991.0
236510,Takedown: Red Sabre,13369158,english,1418591079,1418591079,false,1,0,0.0,0,true,false,false,76561197996691685,159,5,209.0,0.0,209.0,1383575822.0
1089980,The Henry Stickmin Collection,75450532,english,1599256487,1599256487,true,1,0,0.523809552192688,1,true,false,false,76561198298470271,95,85,790.0,0.0,719.0,1599411086.0
620,Portal 2,22457213,english,1460825792,1460825792,true,0,0,0.0,0,true,false,false,76561198074291372,547,116,653.0,0.0,545.0,1501205698.0
4000,Garry's Mod,72319263,russian,1594238537,1594238537,true,1,0,0.523809552192688,0,true,false,false,76561198316936296,70,1,86280.0,0.0,79040.0,1609577362.0
292030,The Witcher 3: Wild Hunt,60673942,english,1577456327,1577456327,true,0,0,0.0,0,true,false,false,76561197962431625,551,7,1682.0,0.0,1519.0,1608991999.0
413150,Stardew Valley,27597569,english,1480136236,1480136236,true,1,0,0.4633204638957977,1,true,false,false,76561198016874768,274,45,2706.0,0.0,2706.0,1458863056.0
225540,Just Cause 3,80182429,russian,1606377930,1606377930,true,0,0,0.0,0,true,false,false,76561199001969397,8,2,1228.0,173.0,739.0,1610428206.0
242760,The Forest,41883109,russian,1525596307,1525596307,true,0,0,0.0,0,true,false,false,76561198304851802,9,2,2677.0,0.0,1579.0,1533753453.0
548430,Deep Rock Galactic,40501147,russian,1519962005,1519962005,true,2,0,0.5356037020683289,0,true,false,true,76561198035005806,343,13,2262.0,0.0,392.0,1605347695.0
945360,Among Us,73989174,english,1596912788,1596912788,true,3,1,0.558282196521759,0,true,false,false,76561198082341600,208,12,6517.0,0.0,243.0,1607813687.0
394360,Hearts of Iron IV,46003616,german,1542831769,1542831769,true,0,0,0.0,0,true,false,false,76561198185167942,127,2,48755.0,12.0,27902.0,1610831307.0
620,Portal 2,83826507,english,1609604515,1609604515,true,0,0,0.0,0,true,false,false,76561199104851605,4,1,324.0,32.0,297.0,1610470951.0
429660,Tales of Berseria,29572187,english,1485720245,1485720245,true,0,0,0.4957627058029175,0,true,false,false,76561197996568761,506,5,4200.0,0.0,1541.0,1488294240.0
240,Counter-Strike: Source,56021881,russian,1572536023,1572536023,true,0,0,0.0,0,true,false,false,76561198335769599,64,18,15483.0,0.0,13684.0,1609000412.0
252490,Rust,68083694,english,1587937668,1587937668,true,0,0,0.0,0,true,false,false,76561198419716870,51,5,11191.0,2875.0,2022.0,1610839263.0
379720,DOOM,36731702,russian,1511376994,1511376994,true,1,0,0.523809552192688,0,true,false,false,76561197999369231,202,6,2194.0,0.0,1133.0,1580659927.0
304390,For Honor,84916380,russian,1610984382,1610984382,false,1,0,0.4761904776096344,0,true,false,false,76561198320001548,58,5,9311.0,234.0,9256.0,1610986156.0
945360,Among Us,78026596,russian,1603472934,1603472934,true,1,0,0.5258620381355286,0,true,false,false,76561198845723132,15,2,1063.0,17.0,361.0,1610212337.0
359550,Tom Clancy's Rainbow Six Siege,64684453,english,1583638194,1583638194,true,0,0,0.0,0,true,false,false,76561198012306007,214,23,9888.0,0.0,9822.0,1583642112.0
626690,Sword Art Online: Fatal Bullet,40345877,english,1519447296,1519447296,true,0,0,0.0,0,true,false,false,76561198119024105,226,20,2475.0,0.0,2467.0,1520251136.0
252490,Rust,70045643,english,1590847492,1590847492,true,0,0,0.0,0,true,false,false,76561199010902794,14,2,11764.0,476.0,1718.0,1610228740.0
218620,PAYDAY 2,37423761,russian,1511560628,1511560628,true,0,0,0.0,0,true,false,false,76561198136145964,120,2,4449.0,0.0,2953.0,1606102131.0
945360,Among Us,76272937,english,1600598822,1600598822,true,0,0,0.0,0,false,false,false,76561198277634492,37,4,1713.0,48.0,751.0,1610268174.0
391220,Rise of the Tomb Raider,44479144,schinese,1535688456,1535688456,true,0,0,0.0,0,true,false,false,76561198120180623,94,4,1188.0,0.0,900.0,1597723310.0
359550,Tom Clancy's Rainbow Six Siege,54695683,french,1566204561,1566204561,true,7,1,0.5487105846405029,0,true,false,false,76561198400085457,21,3,85529.0,0.0,61587.0,1609408319.0
413150,Stardew Valley,52974308,english,1562010261,1562010261,true,0,0,0.4761904776096344,0,true,false,false,76561198077237195,120,6,5015.0,0.0,4991.0,1562091433.0
35140,Batman: Arkham Asylum GOTY Edition,14359305,spanish,1423262443,1423262443,true,1,0,0.5,0,true,false,false,76561198061571813,110,9,916.0,0.0,916.0,1423262265.0
1128000,Cube World,55356338,spanish,1569869272,1569869272,true,9,6,0.5071297883987427,0,true,false,false,76561198053503425,55,3,423.0,0.0,134.0,1594041094.0
356190,Middle-earth™: Shadow of War™,79669301,english,1606064597,1606064597,true,0,0,0.0,0,true,false,false,76561198131700978,47,1,2481.0,20.0,2060.0,1610304173.0
594570,Total War: WARHAMMER II,70017314,english,1590796343,1590796343,true,0,0,0.4761904776096344,0,true,false,false,76561198031577617,149,3,44968.0,0.0,44365.0,1592191480.0
945360,Among Us,76893586,english,1601612075,1601612075,true,0,0,0.0,0,true,false,false,76561198372104728,34,5,4297.0,0.0,2292.0,1608184982.0
205100,Dishonored,73134044,turkish,1595457155,1595457155,true,0,0,0.0,0,true,false,false,76561198139965791,58,5,6959.0,0.0,6928.0,1602525174.0
240,Counter-Strike: Source,55241019,polish,1569206971,1569206971,true,0,0,0.0,0,true,false,false,76561198849545875,7,3,3828.0,0.0,65.0,1579599738.0
945360,Among Us,84263390,english,1610074293,1610074293,true,0,0,0.4941860437393189,0,true,false,false,76561198887420147,20,14,2620.0,227.0,2437.0,1610766697.0
312660,Sniper Elite 4,42565494,english,1528411979,1528411979,true,0,0,0.0,0,true,false,false,76561198073997126,66,1,4459.0,0.0,2097.0,1595897503.0
427290,Vampyr,50001932,english,1554600782,1554600782,true,2,0,0.0,0,true,false,false,76561197979910600,923,10,1763.0,0.0,1763.0,1554592297.0
255710,Cities: Skylines,39938754,english,1518122624,1518122624,true,1,0,0.523809552192688,0,true,false,false,76561198391213924,6,1,3575.0,0.0,2585.0,1573225873.0
394360,Hearts of Iron IV,80377849,turkish,1606410253,1606410253,false,0,0,0.0,0,true,false,false,76561198385468841,14,1,222.0,0.0,222.0,1606408827.0
1190460,DEATH STRANDING,72851210,schinese,1595006121,1595006121,true,0,0,0.0,0,true,false,false,76561198360039914,103,1,1483.0,0.0,900.0,1595417273.0
4000,Garry's Mod,19958496,french,1451127592,1451127592,true,2,0,0.523809552192688,0,true,false,false,76561198195369153,99,3,11909.0,0.0,3736.0,1560975086.0
578080,PLAYERUNKNOWN'S BATTLEGROUNDS,76228600,schinese,1600527852,1600527852,false,0,1,0.0,0,true,false,false,76561198315894224,22,1,10138.0,0.0,10134.0,1602525414.0
250900,The Binding of Isaac: Rebirth,42276433,english,1527334200,1527334200,true,1,1,0.5275590419769287,0,true,false,false,76561197970984258,145,1,11706.0,0.0,9308.0,1609024652.0
271590,Grand Theft Auto V,31189601,english,1492388447,1492388447,false,1,0,0.0,0,true,false,false,76561198042219505,293,15,25455.0,0.0,23554.0,1543909398.0
779340,Total War: THREE KINGDOMS,61994821,french,1579292599,1579292599,true,0,0,0.0,0,true,false,false,76561198422165421,11,2,4219.0,0.0,1800.0,1606744811.0
578080,PLAYERUNKNOWN'S BATTLEGROUNDS,56904999,schinese,1573373810,1573373810,true,0,0,0.0,0,true,false,false,76561198959859907,1,1,12272.0,0.0,9872.0,1583540985.0
377160,Fallout 4,36609739,english,1511049218,1511049218,false,5,0,0.0,1,false,false,false,76561198079455389,169,8,3437.0,0.0,3217.0,1533388483.0
945360,Among Us,85037901,polish,1611156175,1611156175,false,0,0,0.0,0,true,false,false,76561198013851462,153,15,372.0,0.0,372.0,1600292018.0
620,Portal 2,30717533,spanish,1490410542,1490410542,true,4,1,0.5849056243896484,0,true,false,false,76561198354665947,80,7,1304.0,0.0,196.0,1585323416.0
678950,DRAGON BALL FighterZ,51117243,schinese,1559997538,1559997538,true,1,1,0.5075239539146423,0,true,false,false,76561198365464172,99,3,4038.0,0.0,3082.0,1607738568.0
513710,SCUM,45177553,schinese,1539019081,1539019081,true,0,0,0.0,1,true,false,true,76561198297441446,140,46,95.0,0.0,95.0,1537940860.0
683320,GRIS,57828752,english,1574697373,1574792788,true,0,0,0.0,0,true,false,false,76561198012481434,138,10,281.0,0.0,177.0,1574948813.0
227300,Euro Truck Simulator 2,80195881,turkish,1606380189,1606380189,true,0,0,0.0,0,true,false,false,76561198971657400,26,5,1084.0,0.0,976.0,1607103486.0
578080,PLAYERUNKNOWN'S BATTLEGROUNDS,57518259,schinese,1574238095,1574238095,true,0,0,0.0,0,true,false,false,76561198802318643,1,1,47613.0,0.0,40108.0,1609844389.0
945360,Among Us,76538866,english,1601045099,1601045099,true,0,0,0.0,0,false,false,false,76561199005037739,23,5,4465.0,65.0,180.0,1610552195.0
427290,Vampyr,42679714,german,1528821477,1528821477,true,0,0,0.0,0,false,false,false,76561198118262323,266,2,1933.0,0.0,1277.0,1531398631.0
252490,Rust,38422579,english,1513652360,1513652360,true,0,0,0.0,0,true,false,true,76561198200832569,34,1,83823.0,1553.0,32935.0,1610842276.0
242920,Banished,62124295,english,1579503546,1579503546,true,0,0,0.0,0,true,false,false,76561198050343903,38,3,3195.0,0.0,3070.0,1585286917.0
218620,PAYDAY 2,64483948,spanish,1583294660,1583294660,true,0,0,0.0,0,true,false,false,76561198882163213,5,3,39282.0,19.0,333.0,1610994818.0
323190,Frostpunk,45530088,english,1540952737,1540952737,true,0,0,0.0,0,true,false,false,76561198859426379,49,1,3703.0,0.0,3357.0,1549606204.0
578080,PLAYERUNKNOWN'S BATTLEGROUNDS,42449491,schinese,1527953507,1527953507,false,0,0,0.0,0,true,false,false,76561198418306560,1,1,17593.0,0.0,15898.0,1544735580.0
304390,For Honor,84603790,russian,1610533003,1610533003,true,0,0,0.0,0,true,false,false,76561198856249666,4,1,1156.0,48.0,1109.0,1610868783.0
242760,The Forest,83910033,russian,1609685750,1609685750,true,0,0,0.0,0,true,false,false,76561198862462282,6,1,3561.0,3035.0,1063.0,1610267319.0
578080,PLAYERUNKNOWN'S BATTLEGROUNDS,46252542,schinese,1542884348,1542884348,true,0,0,0.0,0,true,false,false,76561198261390402,41,3,5138.0,0.0,4142.0,1603726205.0
271590,Grand Theft Auto V,41539817,schinese,1523975437,1523975437,true,1,0,0.5161290168762207,0,true,false,false,76561198427204097,9,1,51114.0,0.0,1712.0,1608381263.0
271590,Grand Theft Auto V,59407574,english,1575713262,1575713262,true,0,0,0.0,0,true,false,false,76561198294053110,11,2,3183.0,0.0,386.0,1607968816.0
252950,Rocket League,79980082,english,1606340850,1606340850,true,0,0,0.0,0,false,false,false,76561198199825945,216,12,7752.0,719.0,5729.0,1610926759.0
271590,Grand Theft Auto V,58721310,schinese,1575113292,1575113292,true,0,0,0.0,0,true,false,false,76561198954515816,2,2,3582.0,0.0,1914.0,1595594037.0
517630,Just Cause 4,64586667,schinese,1583484262,1583484262,true,0,0,0.0,0,true,false,false,76561198207170389,90,42,2341.0,0.0,1693.0,1589744055.0
271590,Grand Theft Auto V,79299522,schinese,1605435866,1610976117,true,0,0,0.0,0,true,false,false,76561199063197760,6,3,12422.0,710.0,11813.0,1611072757.0
252950,Rocket League,37481742,russian,1511598053,1511598087,true,15,13,0.6063493490219116,1,false,false,false,76561198059680776,420,23,2581.0,0.0,1843.0,1608108873.0
270880,American Truck Simulator,70275656,english,1591261302,1591261302,true,1,0,0.0,0,true,false,false,76561199061946078,2,1,6307.0,0.0,3441.0,1597300960.0
4000,Garry's Mod,38170380,english,1512796406,1512796406,true,4,1,0.5400696992874146,0,true,false,false,76561198360522976,312,13,76031.0,0.0,50577.0,1580092518.0
105600,Terraria,4922571,english,1322531498,1322531498,true,0,0,0.0,0,false,false,false,76561198043354332,405,20,14318.0,0.0,9529.0,1590426217.0
239140,Dying Light,62148503,koreana,1579546421,1579546421,true,0,0,0.0,0,true,false,false,76561198099351023,103,13,3655.0,0.0,1357.0,1609756174.0
271590,Grand Theft Auto V,77346237,schinese,1602346777,1602346777,false,0,0,0.0,0,false,false,false,76561198994460629,8,1,11587.0,0.0,9069.0,1607143851.0
105600,Terraria,52207243,english,1561845206,1561845206,true,2,0,0.54356849193573,1,true,false,false,76561198341145217,78,2,21492.0,3.0,16477.0,1610901582.0
105600,Terraria,76586439,english,1601112734,1601112734,true,0,0,0.0,0,true,false,false,76561198185395078,4,4,12450.0,0.0,12317.0,1601507620.0
4000,Garry's Mod,39076803,french,1515140578,1515140578,true,1,0,0.523809552192688,0,true,false,false,76561198264864433,36,3,35629.0,1748.0,310.0,1610911186.0
271590,Grand Theft Auto V,58662289,english,1575078821,1575078821,true,0,0,0.0,0,false,false,false,76561198427729562,9,5,10036.0,0.0,2811.0,1589483420.0
292030,The Witcher 3: Wild Hunt,37167037,german,1511462729,1511462729,true,0,0,0.0,0,true,true,false,76561198124750056,33,2,8804.0,0.0,8516.0,1511462671.0
391220,Rise of the Tomb Raider,62049096,english,1579377890,1579377890,true,0,0,0.0,0,true,false,false,76561198028622460,38,3,3186.0,0.0,1053.0,1582264374.0
233860,Kenshi,51442401,schinese,1561467527,1561467527,true,0,0,0.0,0,false,false,false,76561198300447968,31,3,5159.0,0.0,5052.0,1607093105.0
578080,PLAYERUNKNOWN'S BATTLEGROUNDS,60159837,schinese,1576830856,1576830856,true,0,0,0.0,0,true,false,false,76561198981949575,1,1,403.0,0.0,361.0,1576912383.0
429660,Tales of Berseria,44390927,koreana,1535297549,1535297549,true,1,0,0.523809552192688,0,true,false,false,76561198170777530,693,83,6915.0,0.0,6613.0,1535297478.0
359550,Tom Clancy's Rainbow Six Siege,67974780,koreana,1587791880,1587791880,true,0,0,0.46875,0,true,false,false,76561198364867236,43,4,91665.0,1238.0,62681.0,1610811556.0
377160,Fallout 4,30765349,english,1490586756,1595447591,false,3,0,0.479999989271164,0,false,false,false,76561198137905900,124,25,4827.0,0.0,4085.0,1595447563.0
227300,Euro Truck Simulator 2,34541798,turkish,1503878601,1503878601,true,0,0,0.0,0,true,false,false,76561198126979950,51,5,3921.0,0.0,2372.0,1592053945.0
578080,PLAYERUNKNOWN'S BATTLEGROUNDS,30733097,schinese,1490465691,1544329980,true,0,0,0.0,0,false,false,false,76561198130959028,185,37,33284.0,0.0,31355.0,1590940781.0
252490,Rust,43965240,english,1533562751,1533562751,false,3,1,0.5147058963775635,0,false,false,false,76561198291240740,48,41,2509.0,0.0,2509.0,1514033042.0
413150,Stardew Valley,37805675,english,1511804743,1511804743,true,0,0,0.0,0,true,false,false,76561198041170823,149,3,6268.0,0.0,5664.0,1609089340.0
391220,Rise of the Tomb Raider,77722203,turkish,1602964595,1602964595,false,0,0,0.4761904776096344,1,true,false,false,76561199087037744,69,4,1598.0,0.0,38.0,1607694997.0
264710,Subnautica,44249166,schinese,1534674611,1534674611,false,1,0,0.4250307083129882,0,true,false,false,76561198392032506,19,3,1752.0,0.0,1715.0,1534674512.0
218620,PAYDAY 2,38811421,english,1514537647,1514537647,true,0,0,0.0,0,false,true,false,76561198091711177,157,7,12438.0,0.0,8339.0,1583562320.0
381210,Dead by Daylight,51972781,english,1561816729,1609504974,false,0,0,0.0,0,true,false,false,76561198259388845,33,6,31040.0,1545.0,29528.0,1610653788.0
431960,Wallpaper Engine,81548862,english,1607029372,1607029372,true,0,0,0.0,0,true,false,false,76561198322026775,57,12,3186.0,128.0,2727.0,1610707497.0
238320,Outlast,64685742,schinese,1583640450,1583640450,true,0,0,0.0,0,true,false,false,76561199020810716,162,2,972.0,0.0,830.0,1588515392.0
72850,The Elder Scrolls V: Skyrim,9860081,koreana,1397824347,1397824347,true,0,0,0.0,0,true,false,false,76561197964625601,147,1,11050.0,0.0,10699.0,1497002917.0
271590,Grand Theft Auto V,42643601,spanish,1528681956,1528681956,false,158,16,0.7886465191841125,7,true,false,false,76561198154585572,84,2,57439.0,354.0,31736.0,1610922237.0
275850,No Man's Sky,72465963,english,1594424018,1594424018,true,0,0,0.0,0,true,false,false,76561198265170719,25,3,9277.0,0.0,330.0,1599091097.0
4000,Garry's Mod,21021430,english,1454841852,1454841852,true,0,0,0.0,1,true,false,false,76561198177988219,5,1,2957.0,0.0,763.0,1454996178.0
238320,Outlast,10311209,german,1401625509,1401625509,true,3,0,0.557886004447937,0,true,false,false,76561198046396611,422,10,527.0,0.0,512.0,1466594571.0
427520,Factorio,22004608,italian,1458745480,1458745480,true,1,4,0.4979423582553864,0,true,false,true,76561198030224292,75,30,653.0,0.0,636.0,1569138927.0
435150,Divinity: Original Sin 2,39929877,english,1518096586,1518181707,true,0,0,0.0,0,false,false,false,76561198094795011,234,16,8950.0,0.0,8888.0,1603794882.0
271590,Grand Theft Auto V,68922937,russian,1589143644,1589143644,true,1,0,0.5199999809265137,0,true,false,false,76561198079180400,52,3,12189.0,0.0,11734.0,1589499268.0
582010,Monster Hunter: World,44328747,english,1535019572,1535019572,true,0,0,0.499412477016449,0,true,false,false,76561198044902407,115,24,4324.0,0.0,1804.0,1536269607.0
391540,Undertale,52332420,latam,1561878184,1561878184,true,1,1,0.5258620381355286,0,true,false,false,76561198357969562,236,15,83.0,0.0,14.0,1608449740.0
359550,Tom Clancy's Rainbow Six Siege,72043342,english,1593892348,1593892348,true,0,0,0.0,0,true,false,false,76561199070667765,10,1,9946.0,0.0,1482.0,1599098424.0
620,Portal 2,61482660,english,1578419119,1578419119,true,0,0,0.0,0,true,false,false,76561198215398847,18,11,574.0,0.0,447.0,1584368029.0
578080,PLAYERUNKNOWN'S BATTLEGROUNDS,67492924,schinese,1587127358,1587127358,true,0,0,0.0,0,true,false,false,76561198423253765,2,1,59900.0,312.0,50130.0,1610637585.0
424840,Little Nightmares,40548616,english,1520120980,1520120980,false,1,0,0.36671933531761164,0,true,false,false,76561197970434255,204,13,229.0,0.0,229.0,1520120694.0
107410,Arma 3,56711804,english,1573153401,1573153401,true,0,0,0.0,0,true,false,false,76561198960628059,10,1,124685.0,0.0,36823.0,1603349032.0
255710,Cities: Skylines,77180054,english,1602079973,1602079973,true,0,0,0.0,0,true,false,false,76561198824765588,2,1,1123.0,0.0,694.0,1605474480.0
779340,Total War: THREE KINGDOMS,70010274,czech,1590784052,1590784052,true,0,0,0.0,0,false,false,false,76561198073633585,43,10,4649.0,0.0,2088.0,1602998313.0
427520,Factorio,25278080,french,1472691544,1472691544,false,1,14,0.15324826538562775,6,true,false,true,76561198312094062,13,1,26400.0,0.0,14393.0,1472692113.0
346110,ARK: Survival Evolved,17614480,tchinese,1439990666,1439990666,true,0,0,0.0,0,true,false,true,76561198179799326,4,1,1904.0,0.0,121.0,1458919733.0
356190,Middle-earth™: Shadow of War™,35658002,english,1507810641,1507810641,true,9,0,0.530173659324646,7,true,false,false,76561198075786517,141,3,4714.0,0.0,2635.0,1523436838.0
105600,Terraria,72643459,english,1594679224,1594679224,true,1,0,0.0,0,true,false,false,76561199060543072,5,1,27582.0,0.0,9637.0,1608330260.0
4000,Garry's Mod,8046487,spanish,1387057719,1387057719,true,0,0,0.0,0,true,false,false,76561198091356319,11,1,2025.0,0.0,1363.0,1399232355.0
552500,Warhammer: Vermintide 2,64396294,schinese,1583134046,1583134677,true,15,3,0.6412452459335327,0,true,false,false,76561198139342041,46,1,57935.0,146.0,14372.0,1610624193.0
359550,Tom Clancy's Rainbow Six Siege,63868252,koreana,1582279265,1602465014,true,0,0,0.0,0,true,false,false,76561198374172417,42,20,5662.0,0.0,185.0,1609339868.0
362890,Black Mesa,65767655,english,1585124930,1585124930,true,0,0,0.0,0,true,false,false,76561198044566337,75,7,1051.0,0.0,994.0,1609500224.0
304390,For Honor,34187468,english,1502530879,1502530879,true,2,0,0.51405930519104,0,true,false,false,76561197968908078,452,41,792.0,0.0,792.0,1502642099.0
629760,MORDHAU,50531816,ukrainian,1557257515,1557257515,true,5,1,0.5757705569267273,0,true,false,false,76561198050338697,258,12,22612.0,41.0,1252.0,1609785907.0
255710,Cities: Skylines,61818644,english,1578961755,1578961755,true,0,1,0.0,0,true,false,false,76561198313777113,169,25,2559.0,0.0,2119.0,1609086438.0
322330,Don't Starve Together,37232603,thai,1511481751,1511481751,true,0,0,0.0,0,true,false,false,76561198094561903,92,2,2036.0,0.0,340.0,1592985403.0
275850,No Man's Sky,64010392,english,1582486226,1582486226,true,0,0,0.0,0,true,false,false,76561198800042626,3,1,2188.0,0.0,1858.0,1582507633.0
613100,House Flipper,55652503,english,1571393920,1571393920,true,0,0,0.0,0,true,false,false,76561198018630218,549,7,1159.0,0.0,956.0,1571415913.0
381210,Dead by Daylight,28903830,english,1483280307,1483280307,true,1,0,0.523809552192688,0,true,false,false,76561198158702207,87,1,29347.0,278.0,8815.0,1610210623.0
359550,Tom Clancy's Rainbow Six Siege,61246792,english,1578094489,1578094489,true,0,0,0.0,0,true,false,false,76561198085698946,93,10,1976.0,0.0,163.0,1606751877.0
548430,Deep Rock Galactic,79111953,polish,1605117257,1605117257,true,0,0,0.0,0,true,false,false,76561197994081666,54,4,3676.0,0.0,2017.0,1608587134.0
394360,Hearts of Iron IV,75050828,french,1598614746,1598614746,true,0,0,0.0,0,true,false,false,76561198857556878,27,21,19117.0,0.0,19109.0,1600545499.0
218620,PAYDAY 2,73160549,russian,1595509809,1595509809,true,1,0,0.497925341129303,0,true,false,false,76561199023448763,12,3,6135.0,1318.0,1427.0,1611157163.0
242760,The Forest,79524637,turkish,1605818639,1605818639,true,0,1,0.0,0,true,false,false,76561198995325059,69,3,3791.0,0.0,1277.0,1607896432.0
4000,Garry's Mod,37585924,brazilian,1511645237,1511645237,true,0,0,0.0,0,false,false,false,76561198150309739,41,8,24455.0,0.0,19192.0,1590153619.0
240,Counter-Strike: Source,51530520,romanian,1561739218,1561739218,true,0,0,0.0,0,true,false,false,76561198902113297,18,3,3243.0,0.0,30.0,1606738050.0
252490,Rust,82127185,french,1607735057,1607735057,true,0,0,0.0,0,false,false,false,76561198312080641,68,1,10350.0,0.0,10263.0,1609085820.0
391540,Undertale,22229802,english,1459736336,1459736336,true,0,0,0.0,0,true,false,false,76561198022345939,345,3,867.0,0.0,866.0,1459496666.0
264710,Subnautica,39994689,english,1518330356,1518330356,true,0,1,0.0,0,false,false,false,76561198146136063,37,4,615.0,0.0,615.0,1518658671.0
252490,Rust,84240602,russian,1610047330,1610047330,false,0,0,0.4953611791133881,0,true,false,false,76561198206282957,83,1,19212.0,265.0,19197.0,1610207471.0
683320,GRIS,73650824,french,1596367945,1596367945,true,0,0,0.0,0,true,false,false,76561198056572864,455,12,179.0,0.0,179.0,1578311810.0
552520,Far Cry 5,48940461,russian,1549943513,1549943513,true,0,0,0.0,0,true,false,false,76561198175419718,96,3,2171.0,0.0,694.0,1601909554.0
578080,PLAYERUNKNOWN'S BATTLEGROUNDS,47622211,english,1545206616,1601398664,false,1,1,0.0,0,true,false,false,76561198394520980,217,13,57400.0,306.0,34541.0,1610792997.0
683320,GRIS,83388546,schinese,1609162338,1609162338,true,0,0,0.0,0,true,false,false,76561198339633165,42,2,925.0,0.0,373.0,1609416954.0
359550,Tom Clancy's Rainbow Six Siege,69016151,turkish,1589297359,1589297359,true,0,0,0.0,0,true,false,false,76561198107974835,210,2,4396.0,0.0,2327.0,1594225510.0
323190,Frostpunk,55560081,schinese,1570844402,1570844402,true,3,5,0.5289623737335205,0,true,false,false,76561198144878915,39,1,940.0,0.0,937.0,1607950918.0
268910,Cuphead,70237611,russian,1591188994,1591188994,true,0,0,0.0,0,true,false,false,76561198182271463,30,6,1157.0,0.0,1154.0,1609140760.0
271590,Grand Theft Auto V,58466420,brazilian,1574969221,1574969221,true,0,0,0.0,0,true,false,false,76561198096226164,153,6,10057.0,0.0,5448.0,1608689951.0
578080,PLAYERUNKNOWN'S BATTLEGROUNDS,85069321,schinese,1611204303,1611204303,false,0,0,0.0,0,true,false,false,76561198358564782,3,1,13660.0,344.0,13660.0,1611064380.0
4000,Garry's Mod,47493291,english,1544659211,1544659211,true,2,0,0.5206422209739685,0,true,false,false,76561198809859535,265,20,95607.0,55.0,23302.0,1610250500.0
552520,Far Cry 5,41505112,spanish,1523804834,1523804834,true,0,0,0.0,0,false,false,false,76561198089650280,472,9,2113.0,0.0,1577.0,1601336830.0
457140,Oxygen Not Included,41325199,english,1523043523,1523043523,true,0,0,0.0,0,true,false,true,76561198418986452,7,1,13341.0,0.0,3500.0,1586204300.0
582010,Monster Hunter: World,66272159,schinese,1585675170,1585675170,true,1,0,0.523809552192688,0,true,false,false,76561198283490772,181,5,6026.0,0.0,201.0,1609626028.0
698780,Doki Doki Literature Club,36470456,tchinese,1510495004,1510495004,true,1,0,0.0,0,false,false,false,76561198145222377,53,8,465.0,0.0,462.0,1520244324.0
620,Portal 2,28179200,russian,1480841043,1480841075,true,42,58,0.6722521781921386,0,true,false,false,76561198192455765,166,3,882.0,0.0,882.0,1471609625.0
834910,ATLAS,54568689,schinese,1565537464,1565537464,false,1,0,0.0,0,true,false,true,76561198419744439,20,2,56161.0,0.0,24393.0,1609079521.0
588650,Dead Cells,37127643,english,1511455097,1511455097,true,0,0,0.0,0,true,false,true,76561198053768250,315,8,4386.0,0.0,3078.0,1588995105.0
242760,The Forest,73175661,english,1595533072,1595533072,true,0,0,0.0,0,true,false,false,76561198445652216,119,32,48673.0,0.0,6970.0,1605459829.0
262060,Darkest Dungeon®,14713683,english,1425234575,1425234575,true,0,2,0.0,0,true,false,true,76561197995220477,147,7,541.0,0.0,376.0,1486993669.0
629760,MORDHAU,61909572,spanish,1579133811,1581691354,true,0,0,0.0,0,false,false,false,76561198106530170,47,8,7025.0,0.0,3005.0,1602542144.0
739630,Phasmophobia,79490618,english,1605757087,1605757087,true,0,0,0.0,0,true,false,true,76561199094075603,10,1,3059.0,595.0,940.0,1610857644.0
578080,PLAYERUNKNOWN'S BATTLEGROUNDS,79283194,schinese,1605405932,1605405932,true,0,0,0.4761904776096344,0,true,false,false,76561199099724358,1,1,4297.0,212.0,2196.0,1610267256.0
240,Counter-Strike: Source,82846378,german,1608586582,1608586582,true,0,0,0.0,0,false,false,false,76561197996875094,15,1,20623.0,0.0,20541.0,1609105824.0
48700,Mount & Blade: Warband,14759408,english,1425653419,1425653419,true,3,0,0.5454545617103577,0,true,false,false,76561198032842058,110,1,38016.0,0.0,24162.0,1605649483.0
648800,Raft,81264662,polish,1606762845,1606762845,true,0,0,0.0,0,true,false,true,76561198844871914,13,3,1097.0,0.0,194.0,1608668547.0
413150,Stardew Valley,58492723,brazilian,1574981963,1574981963,true,0,0,0.0,0,true,false,false,76561198195342402,139,16,3518.0,7.0,1860.0,1610478580.0
431960,Wallpaper Engine,81898583,german,1607529658,1607529658,true,0,0,0.0,0,true,false,false,76561198804088763,28,1,813.0,0.0,804.0,1608102888.0
105600,Terraria,67231992,english,1586787254,1586787254,true,2,0,0.5454545617103577,0,false,false,false,76561198124492509,296,17,7663.0,0.0,4910.0,1598558995.0
236510,Takedown: Red Sabre,9075934,english,1392265020,1392265020,false,1,0,0.0,0,true,false,false,76561198036851682,250,3,19.0,0.0,18.0,1397822699.0
346110,ARK: Survival Evolved,20108867,english,1451469607,1451469750,false,1,1,0.4929739236831665,0,true,false,true,76561198153824426,151,14,703.0,0.0,541.0,1489558605.0
8930,Sid Meier's Civilization V,10552282,english,1403244691,1403244691,true,2,0,0.5275590419769287,0,true,false,false,76561198119144220,139,6,23033.0,0.0,4441.0,1456021472.0
252490,Rust,57186776,english,1573777780,1573777780,true,1,0,0.523809552192688,0,true,false,false,76561198363394163,17,1,199386.0,1976.0,156965.0,1610840306.0
510510,WWE 2K17,29756483,english,1486451433,1486451433,true,2,0,0.5222930312156677,0,false,false,false,76561197962887593,393,17,360.0,0.0,257.0,1487540566.0
264710,Subnautica,44595862,schinese,1536221645,1536221645,false,23,5,0.4476781487464905,0,false,false,false,76561198348952176,10,1,3940.0,669.0,1999.0,1610760988.0
552500,Warhammer: Vermintide 2,60539902,spanish,1577298498,1577298498,true,1,0,0.5,0,false,false,false,76561198202730656,444,8,7679.0,345.0,1263.0,1610751300.0
531510,Just Shapes & Beats,59096891,english,1575348057,1575348057,true,0,0,0.0,0,true,false,false,76561198099378380,135,4,519.0,0.0,135.0,1588848604.0
381210,Dead by Daylight,33817126,french,1501100968,1511375831,true,0,0,0.4761904776096344,0,false,true,false,76561198368538553,43,11,15817.0,0.0,11337.0,1608837706.0
377160,Fallout 4,80651328,russian,1606490983,1609866083,true,0,0,0.0,0,true,false,false,76561198874877669,36,3,922.0,108.0,764.0,1610898503.0
379720,DOOM,35037096,english,1505700597,1505700597,true,0,0,0.0,0,true,false,false,76561198031492347,212,11,1471.0,0.0,816.0,1584534299.0
4000,Garry's Mod,71099784,english,1592694885,1596019408,true,0,0,0.0,0,true,false,false,76561198127773402,31,1,80203.0,907.0,59977.0,1611066250.0
364360,Total War: WARHAMMER,24500042,russian,1469370228,1469370228,true,4,0,0.4948438107967377,0,true,false,false,76561198011081887,309,1,5520.0,0.0,1310.0,1498185490.0
203160,Tomb Raider,65611847,schinese,1584950840,1584950840,true,0,0,0.0,0,false,true,false,76561198847800320,24,2,1065.0,0.0,225.0,1585639829.0
413150,Stardew Valley,21895952,english,1458264649,1458264649,true,0,0,0.0,0,true,false,false,76561198042975784,83,2,12329.0,0.0,1085.0,1609716666.0
812140,Assassin's Creed Odyssey,57212614,schinese,1573823714,1573823714,true,0,0,0.0,0,true,false,false,76561198401360795,158,16,9059.0,0.0,1188.0,1597646942.0
578080,PLAYERUNKNOWN'S BATTLEGROUNDS,36415480,schinese,1510309535,1510309535,true,0,0,0.0,0,true,false,true,76561198418573832,9,2,7030.0,0.0,4185.0,1596547429.0
435150,Divinity: Original Sin 2,34956350,russian,1505419035,1511643740,true,0,0,0.0,0,true,false,false,76561198029792074,262,4,13839.0,0.0,3147.0,1604263933.0
477160,Human: Fall Flat,48599819,turkish,1548635872,1548635872,true,0,4,0.4741379022598266,0,true,false,false,76561198443704822,99,30,22.0,0.0,22.0,1562108555.0
239140,Dying Light,64013995,portuguese,1582491199,1582491199,true,0,0,0.0,0,false,true,false,76561197970053663,375,2,65.0,0.0,65.0,1582369264.0
391540,Undertale,23826259,french,1466944040,1466944040,true,0,0,0.0,0,true,false,false,76561198202621735,25,1,1869.0,0.0,1261.0,1586346857.0
945360,Among Us,63491211,english,1581691198,1581691198,true,1,0,0.5205479264259338,0,true,false,false,76561198099709040,119,4,1593.0,0.0,511.0,1600953427.0
72850,The Elder Scrolls V: Skyrim,72701053,brazilian,1594767304,1594767304,true,0,0,0.0,0,true,false,false,76561198318644023,48,3,6390.0,0.0,5180.0,1605802518.0
381210,Dead by Daylight,73434580,russian,1595971012,1595971012,true,0,0,0.0,0,false,false,false,76561198050068090,74,10,3978.0,0.0,657.0,1601809728.0
322330,Don't Starve Together,58496657,brazilian,1574984746,1574984746,false,0,0,0.0,0,false,false,false,76561198255977717,113,16,3968.0,0.0,3513.0,1609543396.0
945360,Among Us,77269927,english,1602228107,1602228107,true,0,0,0.0,0,false,false,false,76561198838074286,9,4,3008.0,0.0,2066.0,1608251260.0
440900,Conan Exiles,29811693,english,1486680142,1486680142,true,4,0,0.5139724612236023,0,true,false,true,76561197969161763,498,20,3741.0,0.0,330.0,1548577174.0
225540,Just Cause 3,59640978,english,1576031399,1576031399,true,0,0,0.0,0,false,false,false,76561198359699301,26,7,179.0,0.0,178.0,1604621347.0
271590,Grand Theft Auto V,59222878,turkish,1575474283,1575474283,false,0,0,0.0,0,true,false,false,76561198236065092,19,2,1388.0,0.0,497.0,1603913924.0
960090,Bloons TD 6,60263534,english,1576956820,1576956820,true,0,0,0.0,0,true,false,false,76561198948051526,16,5,648.0,0.0,261.0,1609762326.0
292030,The Witcher 3: Wild Hunt,48893081,schinese,1549782297,1549782297,true,1,0,0.5205479264259338,0,true,false,false,76561198141888984,221,10,14069.0,0.0,11143.0,1571155470.0
203160,Tomb Raider,66141858,schinese,1585549803,1585549803,true,0,0,0.0,0,false,true,false,76561199023402889,53,6,1313.0,0.0,790.0,1585909319.0
477160,Human: Fall Flat,51489443,schinese,1561620371,1561620371,true,0,0,0.0,0,true,false,false,76561198117390207,19,7,1945.0,0.0,1050.0,1607273252.0
264710,Subnautica,84033532,english,1609808773,1609808773,true,0,0,0.0,0,true,false,false,76561198086526066,177,19,1507.0,1229.0,420.0,1610665998.0
524220,NieR:Automata™,30573414,english,1489773389,1489773389,true,6,3,0.42371037602424627,0,false,false,false,76561197992903165,550,7,2672.0,0.0,552.0,1514382334.0
284160,BeamNG.drive,78308820,polish,1603921461,1603921461,true,0,0,0.0,0,true,false,true,76561199017075974,5,1,1777.0,52.0,1451.0,1610474955.0
255710,Cities: Skylines,22163050,english,1459442250,1459442250,true,1,0,0.5202019810676575,0,false,false,false,76561198086064938,377,34,6100.0,0.0,1017.0,1596324392.0
207610,The Walking Dead,35049822,english,1505756388,1505756388,true,1,1,0.5024875402450562,0,false,true,false,76561198185958045,1075,25,1056.0,0.0,951.0,1507054786.0
477160,Human: Fall Flat,54794811,english,1566725858,1566725858,true,0,0,0.0,0,true,false,false,76561198809662024,49,10,959.0,0.0,688.0,1598721441.0
271590,Grand Theft Auto V,28860554,schinese,1483172977,1499596926,false,3,0,0.5386375188827514,0,true,false,false,76561198073874907,281,64,3177.0,0.0,141.0,1564605831.0
205100,Dishonored,24691291,portuguese,1470236923,1470236923,true,0,0,0.0,0,true,false,false,76561198019080736,221,8,2002.0,0.0,2002.0,1455805840.0
582010,Monster Hunter: World,44532045,koreana,1535901067,1579319457,true,0,0,0.0,0,false,false,false,76561198119993454,28,2,8838.0,0.0,8478.0,1587717920.0
377160,Fallout 4,20799551,french,1453961256,1453961256,true,0,0,0.0,0,false,false,false,76561198127947682,116,1,23070.0,0.0,11715.0,1588273541.0
594650,Hunt: Showdown,57943398,czech,1574798708,1574798708,true,0,0,0.0,0,true,false,false,76561198122088763,52,2,27404.0,0.0,25130.0,1609005525.0
72850,The Elder Scrolls V: Skyrim,6675130,russian,1378530572,1378530572,true,3,1,0.5652173757553101,0,false,false,false,76561198072098655,265,10,2857.0,0.0,2327.0,1404487859.0
292030,The Witcher 3: Wild Hunt,37654472,brazilian,1511695621,1511695621,true,0,0,0.0,0,true,false,false,76561198077214835,197,7,2110.0,0.0,1713.0,1597778293.0
578080,PLAYERUNKNOWN'S BATTLEGROUNDS,39844643,danish,1517755788,1517755788,true,0,0,0.0,0,true,false,false,76561198807159005,1,1,576.0,0.0,176.0,1522422220.0
252490,Rust,13095656,russian,1417039520,1417039520,true,2,0,0.5071228742599487,0,true,false,true,76561197995149953,147,15,13942.0,0.0,10995.0,1590498299.0
240,Counter-Strike: Source,14983584,russian,1426922512,1426922512,false,3,2,0.484434574842453,1,true,false,false,76561198050127999,169,2,256.0,0.0,256.0,1426921087.0
613100,House Flipper,45537898,schinese,1540987837,1541168354,true,0,0,0.4761904776096344,0,true,false,false,76561198271951638,362,20,1191.0,0.0,319.0,1588617842.0
638970,Yakuza 0,83024786,hungarian,1608799205,1608799205,true,0,0,0.0,0,true,false,false,76561198074934586,56,3,1866.0,12.0,1854.0,1610142073.0
413150,Stardew Valley,58513217,english,1574997422,1574997422,true,0,0,0.0,0,true,false,false,76561198052248027,497,10,2744.0,0.0,2719.0,1609356674.0
359550,Tom Clancy's Rainbow Six Siege,69971781,koreana,1590719915,1590719915,true,0,0,0.0,0,true,false,false,76561198391545244,24,1,21191.0,62.0,14490.0,1610624544.0
271590,Grand Theft Auto V,72960285,english,1595179990,1595179990,true,0,0,0.0,0,true,false,false,76561198927908450,4,2,4031.0,0.0,508.0,1609825272.0
377160,Fallout 4,19514077,english,1449361871,1504741782,false,0,0,0.0,0,true,false,false,76561198006305590,323,35,8060.0,0.0,7500.0,1449692006.0
242760,The Forest,69520733,english,1590032585,1590032585,true,1,2,0.523809552192688,2,true,false,false,76561198134335578,354,77,1218.0,0.0,986.0,1590200180.0
427520,Factorio,36653052,polish,1511208899,1511208899,true,1,1,0.4745969176292419,0,false,false,true,76561198225576060,197,8,9258.0,0.0,1119.0,1578610371.0
381210,Dead by Daylight,37887823,polish,1511880778,1511880778,true,2,0,0.532710313796997,0,true,false,false,76561198100856355,257,10,13678.0,0.0,1354.0,1593949419.0
271590,Grand Theft Auto V,64133604,schinese,1582699559,1582699559,true,0,0,0.0,0,true,false,false,76561198138743350,13,1,5386.0,0.0,5254.0,1609453595.0
1289310,Helltaker,77168991,russian,1602062088,1602062088,true,1,0,0.0,0,false,false,false,76561199045274530,3,2,13.0,0.0,13.0,1601314467.0
391540,Undertale,79568254,english,1605900156,1605900156,true,0,0,0.0,0,true,false,false,76561198447924219,9,1,1563.0,0.0,1471.0,1605905804.0
841370,NBA 2K19,47315053,english,1544043463,1544043463,false,2,0,0.523809552192688,0,true,false,false,76561198097126846,26,4,3531.0,0.0,1377.0,1577298857.0
48700,Mount & Blade: Warband,11540101,english,1407102621,1407102621,true,0,0,0.0,0,true,false,false,76561198044112665,953,1,8552.0,0.0,4596.0,1584571374.0
883710,Resident Evil 2,59157038,english,1575394321,1575394321,true,0,0,0.0,0,true,false,false,76561198020656857,140,18,773.0,0.0,491.0,1581702942.0
233860,Kenshi,65045230,english,1584215172,1584215172,true,0,0,0.0,0,true,false,false,76561197972682843,261,46,8087.0,0.0,7706.0,1587881913.0
359550,Tom Clancy's Rainbow Six Siege,55060744,schinese,1568198512,1568198512,true,0,0,0.0,0,true,false,false,76561198444064524,61,2,829.0,0.0,823.0,1586140275.0
322330,Don't Starve Together,51805227,spanish,1561801178,1561801178,true,0,0,0.0,0,true,false,false,76561198037083862,340,3,2691.0,0.0,2504.0,1592651024.0
457140,Oxygen Not Included,76907318,english,1601638629,1601638629,true,0,0,0.0,0,true,false,false,76561198823778975,8,1,1693.0,0.0,1666.0,1601640477.0
72850,The Elder Scrolls V: Skyrim,55486401,brazilian,1570395615,1570395843,true,0,0,0.0,0,true,false,false,76561198453635589,20,9,3859.0,0.0,1791.0,1587099018.0
107410,Arma 3,71248176,french,1592956036,1592956036,true,0,0,0.0,0,true,false,false,76561198053443482,41,1,9595.0,1.0,8568.0,1610161084.0
578080,PLAYERUNKNOWN'S BATTLEGROUNDS,63670069,schinese,1581947562,1581947562,true,1,0,0.5121951103210449,0,true,false,false,76561198317748671,10,1,58518.0,35.0,52393.0,1610891887.0
701160,Kingdom Two Crowns,47521065,english,1544787417,1544787417,true,5,0,0.5458715558052063,0,true,false,false,76561198011481672,420,10,1167.0,0.0,850.0,1609600416.0
242760,The Forest,70270252,english,1591249587,1591249587,true,0,0,0.0,0,true,false,false,76561198185092499,101,5,1840.0,0.0,1044.0,1601279665.0
281990,Stellaris,61832100,english,1578986825,1578986825,true,0,0,0.0,0,true,false,false,76561198271955495,85,7,11583.0,0.0,7690.0,1607170922.0
359550,Tom Clancy's Rainbow Six Siege,60906402,turkish,1577706465,1577706465,true,1,0,0.0,0,true,false,false,76561198354027337,8,1,2343.0,0.0,1841.0,1579527800.0
367520,Hollow Knight,34531851,english,1503847052,1504177177,true,1,0,0.5270270705223083,0,true,false,false,76561197960451234,404,19,1845.0,0.0,1839.0,1560475823.0
250900,The Binding of Isaac: Rebirth,12799186,russian,1415173546,1415173546,true,1,0,0.5210193395614624,0,true,false,false,76561198027879983,156,22,15238.0,0.0,1290.0,1511526673.0
582160,Assassin's Creed Origins,64502392,schinese,1583328022,1583328022,true,0,1,0.0,0,true,false,false,76561198186694234,32,1,3703.0,0.0,3598.0,1609944192.0
218620,PAYDAY 2,41229153,turkish,1522679730,1522679730,true,0,0,0.4761904776096344,1,false,true,false,76561198328066183,46,5,8312.0,0.0,3690.0,1588504262.0
739630,Phasmophobia,80608550,german,1606479537,1606479537,true,0,0,0.0,0,true,false,true,76561198352925241,76,16,800.0,115.0,614.0,1610802073.0
72850,The Elder Scrolls V: Skyrim,17571046,french,1439749676,1439749676,true,0,1,0.0,0,false,false,false,76561198112866526,755,12,10721.0,0.0,8313.0,1490464986.0
238320,Outlast,8471392,english,1388545798,1388545827,true,0,0,0.4921700060367584,0,true,false,false,76561198004736619,99,1,114.0,0.0,112.0,1398893329.0
582010,Monster Hunter: World,46660849,english,1543004948,1543004948,true,0,0,0.0,0,true,false,false,76561198000661376,374,5,12399.0,0.0,8662.0,1572100274.0
391540,Undertale,27554214,english,1480110852,1480110852,true,2,0,0.5258620381355286,2,true,false,false,76561198117056671,287,2,2002.0,0.0,1180.0,1527446328.0
356190,Middle-earth™: Shadow of War™,63211548,japanese,1581244910,1581244910,false,3,0,0.479999989271164,0,true,false,false,76561198051445598,132,65,645.0,0.0,645.0,1577531170.0
292030,The Witcher 3: Wild Hunt,42296854,english,1527387325,1527387325,true,0,0,0.0,0,true,false,false,76561198016480384,90,5,100087.0,3138.0,22985.0,1611391812.0
72850,The Elder Scrolls V: Skyrim,8004920,german,1386776312,1386776312,true,0,0,0.0,0,false,false,false,76561198069940566,357,3,18053.0,0.0,11595.0,1559231179.0
72850,The Elder Scrolls V: Skyrim,11114742,english,1404725211,1404725211,true,2,2,0.5047276020050049,0,true,false,false,76561198090598217,255,8,26342.0,0.0,12714.0,1487347385.0
527230,For The King,76381326,schinese,1600785995,1600785995,true,1,2,0.523809552192688,0,true,false,false,76561198853714147,8,3,216.0,0.0,197.0,1609524808.0
582160,Assassin's Creed Origins,37231526,schinese,1511481184,1511481184,true,1,0,0.5203406214714049,0,true,false,false,76561198190765621,82,14,2254.0,0.0,1873.0,1584236179.0
364360,Total War: WARHAMMER,23203958,russian,1464193493,1464193493,true,0,0,0.0,0,false,false,false,76561198003279557,113,51,3406.0,0.0,653.0,1472160534.0
381210,Dead by Daylight,44884130,english,1537671498,1537671498,true,0,0,0.0,0,false,false,false,76561198074188404,276,15,3910.0,0.0,3557.0,1565497906.0
48700,Mount & Blade: Warband,62545249,english,1580179929,1580179929,true,0,0,0.0,0,true,false,false,76561198142724990,57,1,16196.0,0.0,15576.0,1598645366.0
582010,Monster Hunter: World,63153075,schinese,1581160301,1581160301,true,0,0,0.0,0,false,false,false,76561198983467688,46,3,16538.0,0.0,12703.0,1595295598.0
105600,Terraria,64556071,schinese,1583424846,1583424846,true,0,0,0.0,0,true,false,false,76561198991268897,23,2,10307.0,51.0,253.0,1610547988.0
107410,Arma 3,41923707,turkish,1525801209,1525801209,true,1,0,0.523809552192688,0,false,false,false,76561198345345214,7,1,717.0,0.0,561.0,1525025255.0
218620,PAYDAY 2,68447127,turkish,1588444915,1588444915,true,0,0,0.0,0,true,false,false,76561198278280174,85,15,4328.0,120.0,4199.0,1611245482.0
271590,Grand Theft Auto V,61975006,english,1579263505,1579263505,true,0,0,0.0,0,true,false,false,76561198331184074,6,1,51679.0,1263.0,18542.0,1611061950.0
271590,Grand Theft Auto V,38477526,english,1513835450,1585430345,true,0,0,0.4924097657203674,0,true,false,false,76561198168589311,115,51,68615.0,0.0,24916.0,1605637593.0
304390,For Honor,44545851,english,1535967278,1535967278,false,0,1,0.4761904776096344,0,false,false,false,76561198166160758,109,5,583.0,0.0,65.0,1541408573.0
638970,Yakuza 0,68729126,turkish,1588854327,1588854327,true,0,0,0.0,0,true,false,false,76561198039907845,189,1,952.0,0.0,632.0,1589759911.0
620,Portal 2,50663376,english,1557960081,1557960081,true,0,0,0.0,0,true,false,false,76561198404572484,8,2,1283.0,0.0,852.0,1599276885.0
508440,Totally Accurate Battle Simulator,81799983,polish,1607371390,1607371390,true,0,0,0.0,0,true,false,true,76561198061803400,11,1,1208.0,0.0,484.0,1609530601.0
394360,Hearts of Iron IV,56443463,english,1572821550,1609259744,true,0,0,0.0,0,true,false,false,76561198046018906,20,3,219953.0,12342.0,82758.0,1610832639.0
242760,The Forest,42970491,english,1529764609,1529764609,true,1,0,0.0,0,true,false,false,76561198027039834,54,7,6228.0,0.0,5159.0,1608161676.0
782330,DOOM Eternal,67262335,english,1586823309,1586823309,true,0,0,0.0,0,true,false,false,76561197983163524,250,2,1619.0,0.0,1619.0,1585899237.0
489830,The Elder Scrolls V: Skyrim Special Edition,66458709,koreana,1585869634,1598041119,true,0,0,0.0,0,true,false,false,76561198140841368,41,2,27400.0,2126.0,19419.0,1611275514.0
107410,Arma 3,12706297,koreana,1414750090,1414750090,true,0,0,0.0,0,false,false,false,76561198158319207,4,1,300.0,0.0,300.0,1414329954.0
4000,Garry's Mod,33296637,polish,1499303454,1499303454,true,1,0,0.5,1,true,false,false,76561198119277255,51,8,73454.0,72.0,32739.0,1610915638.0
346110,ARK: Survival Evolved,31707293,english,1494613247,1494613247,true,2,0,0.5070422291755676,0,true,false,true,76561198347971427,75,1,101954.0,0.0,26658.0,1599924080.0
286160,Tabletop Simulator,66303862,english,1585706465,1601140391,true,0,0,0.0,0,false,false,false,76561198245393292,116,52,8473.0,0.0,967.0,1606999300.0
262060,Darkest Dungeon®,79974671,brazilian,1606340242,1606340242,true,0,0,0.0,0,true,false,false,76561198046698603,387,7,6619.0,0.0,6619.0,1606851447.0
219740,Don't Starve,11477075,french,1406724080,1406724080,true,0,0,0.0,0,true,false,false,76561198029666537,595,1,14349.0,0.0,12766.0,1601724317.0
207610,The Walking Dead,8618293,russian,1389184219,1389184219,true,1,0,0.4982578456401825,0,true,false,false,76561198021659632,115,24,1272.0,0.0,1224.0,1478692350.0
578080,PLAYERUNKNOWN'S BATTLEGROUNDS,36616813,schinese,1511078193,1511078193,false,0,0,0.0,0,true,false,true,76561198283590493,42,1,51836.0,0.0,20537.0,1583936461.0
4000,Garry's Mod,81795984,english,1607366064,1607366064,true,0,0,0.0,0,true,true,false,76561199112753957,2,1,10614.0,392.0,3171.0,1610553779.0
252490,Rust,63102373,norwegian,1581078095,1581078095,true,0,0,0.0,0,true,false,false,76561198075735746,34,1,2788.0,156.0,1722.0,1609707547.0
578080,PLAYERUNKNOWN'S BATTLEGROUNDS,39127649,english,1515265011,1576219575,true,0,0,0.5965233445167542,0,true,false,false,76561198197723658,261,26,45313.0,0.0,32853.0,1594145933.0
105600,Terraria,57773925,english,1574608742,1574608742,true,0,0,0.0,0,true,false,false,76561198923994380,5,1,19099.0,0.0,9440.0,1608108927.0
214950,Total War: ROME II - Emperor Edition,27040750,english,1479967013,1516766101,true,1,0,0.5078740119934081,0,false,false,false,76561198308361161,39,5,126616.0,0.0,29368.0,1599940892.0
219740,Don't Starve,57142391,english,1573704302,1573704302,true,0,0,0.0,0,true,false,false,76561198230013744,22,1,813.0,0.0,813.0,1499108909.0
739630,Phasmophobia,83864344,english,1609636641,1609636641,true,1,0,0.523809552192688,0,true,false,true,76561198328190796,16,1,1266.0,427.0,691.0,1610658168.0
238320,Outlast,26425495,english,1478303181,1478303181,true,0,0,0.0,0,true,false,false,76561198124484220,439,48,25.0,0.0,25.0,1478303149.0
578080,PLAYERUNKNOWN'S BATTLEGROUNDS,57441991,schinese,1574113329,1574113329,false,0,0,0.0,0,false,false,false,76561198216972581,8,2,131.0,0.0,126.0,1574338323.0
364360,Total War: WARHAMMER,23533286,english,1465805772,1465816814,false,4,0,0.4540598392486572,0,false,false,false,76561198009737609,29,6,2974.0,0.0,2206.0,1500055560.0
271590,Grand Theft Auto V,57053188,russian,1573576441,1573576441,true,0,0,0.0,0,true,false,false,76561198874897749,4,1,10593.0,0.0,602.0,1609771414.0
394360,Hearts of Iron IV,29681751,english,1486170472,1510839235,true,3,1,0.4444444179534912,0,false,false,false,76561198129927274,159,25,189213.0,1141.0,58816.0,1611095909.0
4000,Garry's Mod,26884489,english,1479935301,1569588787,true,1,1,0.5,0,true,false,false,76561198158971452,47,17,21128.0,0.0,18305.0,1580580829.0
1190460,DEATH STRANDING,73711863,russian,1596477000,1596477000,true,1,0,0.523809552192688,0,false,true,false,76561198025317183,27,2,2170.0,0.0,2170.0,1596475585.0
541210,Cold Waters,80704139,english,1606505193,1606505193,true,1,0,0.0,0,true,false,false,76561199091640441,58,10,7655.0,36.0,4966.0,1609867901.0
105600,Terraria,75504940,russian,1599337758,1599337758,true,1,0,0.523809552192688,0,true,false,false,76561199034220926,3,1,67.0,0.0,67.0,1598536800.0
294100,RimWorld,24787325,english,1470713017,1587778038,true,0,1,0.0,0,false,false,false,76561198002555500,212,6,15215.0,0.0,489.0,1600624306.0
238460,BattleBlock Theater,42125592,russian,1526754631,1526754631,true,1,0,0.5224719047546387,0,true,false,false,76561198122216952,90,18,414.0,0.0,414.0,1511810006.0
377160,Fallout 4,29958475,french,1487237454,1487237454,true,0,0,0.0,0,true,false,false,76561198196310963,22,1,5076.0,0.0,2967.0,1571843727.0
